﻿{
   "CodeGenerationMode": 2,
   "ContextClassName": "CoursesContext",
   "ContextNamespace": "Data",
   "DefaultDacpacSchema": null,
   "FilterSchemas": false,
   "IncludeConnectionString": false,
   "ModelNamespace": "Models",
   "OutputContextPath": "Data",
   "OutputPath": "Models",
   "PreserveCasingWithRegex": true,
   "ProjectRootNamespace": "Group2Week11",
   "Schemas": null,
   "SelectedHandlebarsLanguage": 0,
   "SelectedToBeGenerated": 0,
   "Tables": [
      {
         "Name": "[dbo].[Advisor]",
         "ObjectType": 0
      },
      {
         "Name": "[dbo].[AdvisorStudent]",
         "ObjectType": 0
      },
      {
         "Name": "[dbo].[Course]",
         "ObjectType": 0
      },
      {
         "Name": "[dbo].[CourseStudent]",
         "ObjectType": 0
      },
      {
         "Name": "[dbo].[Instructor]",
         "ObjectType": 0
      },
      {
         "Name": "[dbo].[Student]",
         "ObjectType": 0
      }
   ],
   "UiHint": "mysqlserver122333.Courses",
   "UncountableWords": null,
   "UseBoolPropertiesWithoutDefaultSql": false,
   "UseDatabaseNames": false,
   "UseDateOnlyTimeOnly": false,
   "UseDbContextSplitting": false,
   "UseFluentApiOnly": true,
   "UseHandleBars": false,
   "UseHierarchyId": false,
   "UseInflector": true,
   "UseLegacyPluralizer": false,
   "UseManyToManyEntity": false,
   "UseNoDefaultConstructor": false,
   "UseNoObjectFilter": false,
   "UseNodaTime": false,
   "UseNullableReferences": false,
   "UseSchemaFolders": false,
   "UseSpatial": false,
   "UseT4": false
}